epoch,banach_loss,betti_0_err,betti_1_err,betti_2_err,timestamp,hash
10,9.061127578053666e-13,nan,0.0,nan,1778028080.7026248,668240c43ea1c68e29fd90d300005a87c83a089f8cee52fee3de58329c4b1ffc
20,8.911284848123553e-16,nan,0.0,nan,1778028080.7036216,1916d16ca606fef18dceb01d7e7ac063f41dea836876979c3e527271dfbf1bc2
30,6.128660105880425e-16,nan,0.0,nan,1778028080.7046247,84a620ae2d419a38909ba6444153f22d895cdf43de24e9a4f9422e183661d84a
40,1.007072570069222e-15,nan,0.0,nan,1778028080.7056215,2256bc734476ee0188d265bd9203c1b5476dc8c1937e02b203636be2950d671d
50,1.8214137377581908e-16,nan,0.0,nan,1778028080.7066245,5edccbaad85465347d13a56976a209f0ada1aab897a89ff75aba5d4f16660167
60,3.621544322484884e-16,nan,0.0,nan,1778028080.7066245,d0f89e133083923f3e5757db5feca79870fcf1546b245d06a1995ae91751560b
70,4.2508955813626553e-16,nan,0.0,nan,1778028080.707625,6e062994d2c69fb0ea3e375938cba8ca3649a07c41f3b83dd4e50521e52078c2
80,2.1364591806197315e-16,nan,0.0,nan,1778028080.708625,4f16207891dc3f99c04f916b169d91acb387b51fd333c4af01d7a3b8c6f67a81
90,4.189276967574683e-16,nan,0.0,nan,1778028080.708625,cfc6704b1451b5eb2461d52cba700f05181088439a10824ce8a3e89b3feba634
100,2.1733260973369508e-16,nan,0.0,nan,1778028080.7096262,0d8087ab8fb3cf2e1550d86cb9f09169d93428221910c0bd5076b52c9b8b72f9
110,5.448247554736263e-16,nan,0.0,nan,1778028080.710624,94af21df6fb406e9a5e9c5714c37bd7f90e93542521c94cda4b3c5a2aef261c5
120,5.110820019705032e-16,nan,0.0,nan,1778028080.7116213,4e8b1c86489eff8cc9877760d2a44b66fa6257d5c3a1482ab0073087155859db
130,1.5265799943862904e-16,nan,0.0,nan,1778028080.7126226,1c91083b0cdff4d62acd5283e8350b054342bd40f4d488f85716de4b07244478
140,4.426231443960277e-16,nan,0.0,nan,1778028080.713626,cdb3bdd594ee24a290b08d496e75dce0982f8fc6094512f41585579ccdc7768b
150,5.282688133599124e-16,nan,0.0,nan,1778028080.714626,9452cd415d09a4774c1eb307d2b81987656d6888bf10e70a70a1f44e07954d71
160,6.748949862689641e-16,nan,0.0,nan,1778028080.7156262,e86d60a823e4ea72e9cf62dabd0dfd1a88333f4b9f4f976777d454945442bbb6
170,8.97990508134734e-16,nan,0.0,nan,1778028080.7166262,df60aac23feeda2c57f6889de6a93358df6eef19b2095581e7d576a4f991b787
180,3.1440239617876493e-16,nan,0.0,nan,1778028080.7176256,e27f09dff856815efcc3ee746d9b1bd171422cf21f2bf3cd08f559f0b9d43808
190,2.5524229710986925e-16,nan,0.0,nan,1778028080.7176256,e6be653429e18b19b9097c2596cadd8fc7a3ac704e7847f671d319a2d6d1dfc9
200,4.67333573396573e-16,nan,0.0,nan,1778028080.7186356,f59e751255e57c7114ed30bac334202be05bf9ede99b343e0500afca9f98c7f2
210,3.8615436253412536e-16,nan,0.0,nan,1778028080.7196395,dda2aa960141f4add39e693dba664adee231864feacfa44ae80c35659336bad3
220,9.919709674661863e-16,nan,0.0,nan,1778028080.7206392,173d353e4ab8d6b51297bb16fa5e6a03dc93ebb2e94615d3bee65ff5bbce7f0a
230,3.2701538948372064e-16,nan,0.0,nan,1778028080.7216394,d399238986fc5c731e70879d7bcf07aec71df31c4c781484d3ee87accf805251
240,3.464617435610322e-16,nan,0.0,nan,1778028080.7226393,81a31dc816d522574dd529f228c30f388b8219ca96e2fb7dca82d870c6aa3d4c
250,4.757603632732463e-16,nan,0.0,nan,1778028080.7226393,801775bd4ab2af4db1786ed2332ae611c325cd2e49ab66101d7fef303381c7fa
260,9.03576326148857e-16,nan,0.0,nan,1778028080.723638,9947c3ba5a9b4dfd645016d2f2b9270353c04a4f7234250b67e544d326cb67ca
270,9.061038121449217e-16,nan,0.0,nan,1778028080.724635,1c5a47823167954969dc9cec81c55dd85ff8f41177fea2ccc74ea45c13d6c2ff
280,4.959741042074133e-16,nan,0.0,nan,1778028080.7256384,968511bb14d30fd601874c44ef09a2c6a39d392b83435dea7a65b9024bf17765
290,5.211107832629248e-16,nan,0.0,nan,1778028080.727639,17431ee1929a76ef99f598a57f205f6a324392989e12ea1247b794392c3ffeca
300,8.406408673312394e-16,nan,0.0,nan,1778028080.7286375,247af7d87daaafc2d631aaa1279ad4adf65d1004b810d5ecc7faaf082152d7ad
310,4.375356951077776e-16,nan,0.0,nan,1778028080.7286375,ebc98b5062eb4b3b3ff7bf20afb72b8e0b53a294529271b46cd086efa438f673
320,8.989550859887808e-16,nan,0.0,nan,1778028080.729639,38cc29fc81ee9c68ce71c80caf35b6c617a3621f6cd9adfaf9d65c99701c4440
330,4.867624317614901e-16,nan,0.0,nan,1778028080.730635,6364175ce03cbf5eed4521f135fe8aa032e46067fd4f530fa6f8ce316db50f18
340,6.058768443995776e-16,nan,0.0,nan,1778028080.7316384,e2c128cfc296566299b281205e3731c1294f3287a83a69820cdc176a45a74145
350,2.3470425211905736e-16,nan,0.0,nan,1778028080.7316384,de14a48dc5cc8f1b6593140bc5843f8fa18eaba5a48921c35b15e77eb0778eb2
360,8.90154938936748e-16,nan,0.0,nan,1778028080.7331505,705104b4a6e22e4d12660f9ff6d62e14726caaf6cabf7422620ac49f4ffb1c31
370,5.52198386239442e-16,nan,0.0,nan,1778028080.7331505,2e8bec7c4729c5706a993b6dc08e0a6b005b90fed2e5a931f49d1782d844c07b
380,8.454081793754834e-16,nan,0.0,nan,1778028080.734162,753b7d61c7b2aa79c4cdd9d09dde46a80afb95cc4b3710cdbf92afa3f4794052
390,5.831974447653091e-16,nan,0.0,nan,1778028080.7351654,eff8b617c6a5731ed3d9607a9172c7876ffc8daea24e09fd1de9675042159cda
400,3.413537834289895e-16,nan,0.0,nan,1778028080.7351654,6182b420b39299714268a3ca73a6711d96c3b9afd59eb82be0b512d16c03a210
410,5.810471242486587e-16,nan,0.0,nan,1778028080.7361617,c2cb7e52d5eceaf01e818e803003e97df30373b90143eab67577328a50be5a97
420,5.977537216390317e-16,nan,0.0,nan,1778028080.7371652,3d9d909ccceeeb391fb6a780404b426472d8f0cbb8360a029208a3d569b1358c
430,2.806611450978446e-16,nan,0.0,nan,1778028080.7381656,81153b37e2c82697c4fe0c9b9951204499a23fe8a8bd548fb4a09cc9882f75cf
440,4.091630760354216e-16,nan,0.0,nan,1778028080.7391615,13a1116f78f9f4fe5423470449c8cbe1efb75fa3196bec9a1364d81b92778789
450,3.7451011243900564e-16,nan,0.0,nan,1778028080.7391615,88e2d8244e113d7281250f354af54a4935760eb81658c2a8d2c59f0957e00550
460,3.9722027727908357e-16,nan,0.0,nan,1778028080.7401614,f100848070066b2a74296e98b58c22fc232a0523193c2e907e8e00d312cf17cc
470,9.700816127606417e-16,nan,0.0,nan,1778028080.7417984,a48552a2b926bf877adf1310c1ee26d02c2c385bc04ace5bf02ecd073443963a
480,3.729621620272063e-16,nan,0.0,nan,1778028080.742813,ea7bd0477568f651ced723d7da821e4c16e0654aed17b00f04d2d980c3b62868
490,5.240601815674128e-16,nan,0.0,nan,1778028080.743813,b6888152f8c822dd957386955bf7f7616b85a799615afb656fb7c74a027c9727
500,7.201765534530849e-16,nan,0.0,nan,1778028080.743813,dd1c98ab74e90fd96f6630125bbf4c0b9855cbc2a6ca7bef48e83ead2efed9c2
510,3.391553377384881e-16,nan,0.0,nan,1778028080.743813,ab3c36a92baa722c41424e6e55e2b99e7deec025c0fe4177b6d58d65b7cc50c7
520,1.0672596910748736e-15,nan,0.0,nan,1778028080.7453253,b5b42382eb19a317c93d9f4d7fdfa5f4a7c763caa09f0625452f519a1caf331e
530,4.3333413215361613e-16,nan,0.0,nan,1778028080.746338,e132651a625a3ebce01ec1c5b791bfe6b164f7cdb5a91b9e71f7305c85e236dc
540,2.359230755268779e-16,nan,0.0,nan,1778028080.7473416,7966439db2e3be51c2894ced96b1542da19c7d6e1b26c332ebbcbd563bdf42e5
550,1.2829276368901908e-15,nan,0.0,nan,1778028080.7473416,fbc6406344b903ae4cf61a35d17aa30e045843c492e1c10309b3543506a963b6
560,7.122431404275652e-16,nan,0.0,nan,1778028080.7483416,b0a23f00445a5779ef237eac070050a6d14bc18d8e97107f3c18d3878f10105b
570,3.118661364545419e-16,nan,0.0,nan,1778028080.749351,ea229b5e635f92b8006838638452fd6c8fd1784a504578e9d8431773db8b2876
580,2.391717818485495e-16,nan,0.0,nan,1778028080.7503538,51bfbcdce3bc6dfd82b98b3cd77d3768abce3d05e97ed56b8aeeba519421e655
590,4.712329195275577e-16,nan,0.0,nan,1778028080.7503538,ce7d084dab6f5c989008e00bd41ea3e62c468892ccc6566dc2f0391d960ed125
600,4.046103106497173e-16,nan,0.0,nan,1778028080.7513506,d0153d294058a439c5e312ff8babdf05765318cb09cb05bb7fd638de0c2d00ba
610,1.846356090264271e-16,nan,0.0,nan,1778028080.752354,26a24647a3e3bf79e271bfd126dbe9d46d64f0515b439512f447303798b9283e
620,4.2841703217504577e-16,nan,0.0,nan,1778028080.752354,76e078d12e4a144c45ab65f75b9c41baf40ecbfb870d9dd79b7fcccc0e2d9008
630,8.745524681947889e-16,nan,0.0,nan,1778028080.7533495,cd44006600ec65664c8d04758d548810b45e704173d3ea6b553756fb82d7762d
640,9.972723146115739e-16,nan,0.0,nan,1778028080.754354,ef6e15114943a238f99097303ff3b72251507f3ef5789f8acb4e92452712cf1d
650,5.082476366495893e-16,nan,0.0,nan,1778028080.754354,355db8f9438d60f689718126ef3b379cdbd7e3791fdffbb13e375a311dd913a5
660,7.585007936724713e-16,nan,0.0,nan,1778028080.7553504,5a573da4f2ed19997186fe83a24b2ad5ca0e7d3f719e8006a79d7c6bff409b71
670,3.0821614065938034e-16,nan,0.0,nan,1778028080.7563503,8e4caa497a430d9f9dc36d4064583c56a31a561e06658acc266f0c46072be71e
680,3.39084770756692e-16,nan,0.0,nan,1778028080.7563503,e8d4320ae544350aeb48199ea1cd678b2f3ca6039d5db13b4988da7b74b6418e
690,4.947582316660891e-16,nan,0.0,nan,1778028080.7573545,a87e54c71489a99013b54e26c87da0483fc0e14c3299f909f5a2602633587cee
700,3.308186424802923e-16,nan,0.0,nan,1778028080.7583504,43e13bad59acf5be430ee3c0079359e97efbb19e7a3b6378051251b47aadc4e8
710,8.204657197346261e-16,nan,0.0,nan,1778028080.75935,1b405c5baf2c3efe40ca2b98e8bc2abadb2010763b823c46fc0b56a49f18bbae
720,9.80058177813419e-16,nan,0.0,nan,1778028080.7603538,11322d8c6b55c63acdb66d67316f14dca14c6cc794f4ecce628c6cd41d80b728
730,7.590085353758278e-16,nan,0.0,nan,1778028080.7603538,0534c9be426b7f8ee427e3beff33f0116f0cf21bdcbb8330bdc6ca8ee2a47a29
740,5.174499761815129e-16,nan,0.0,nan,1778028080.7613504,391b5dedcb15f1b3d83b9231366a35ebfde11b9a98704719b3b53ca069af1092
750,6.294155823191677e-16,nan,0.0,nan,1778028080.762354,65dd1a67c8cb8944a0eb94f1c8ab54c9389fc19c5bf9b4580d6d9da5296a2e00
760,7.295086298625832e-16,nan,0.0,nan,1778028080.762354,cf6f482d2136552efa954876cc6a354eb624768c1bc2358f17d4cebe3db474d7
770,2.979693026617635e-16,nan,0.0,nan,1778028080.762354,89e4dce38479163a5d9371e00392eeecf6fcb47f25a441af9dd9d22c474c40e4
780,4.022765569691698e-16,nan,0.0,nan,1778028080.7638612,9ecfad77bd5d702f793e36c747c7c309251a56388b39b8060188722a5820a996
790,1.3827011016719575e-16,nan,0.0,nan,1778028080.7648704,2753b33c05f21115de737402a3c2d773f85a19a1ba0a91b3cb05458cced72879
800,4.0775265929290067e-16,nan,0.0,nan,1778028080.7648704,9bea4770e9ca87914d5075edf05851e6694c3958d2af4029a20ba12ad5186978
810,4.357753396539117e-16,nan,0.0,nan,1778028080.7658699,1a15e4756f9749ef7e6ae5bbad8a83c80abb845a984a0c4275a2d638ce47ceaf
820,8.878538002930237e-16,nan,0.0,nan,1778028080.7668705,39fdf970ce3b7611aa2758613f6194c5280a1b3a14e193d49ee11e96414749b0
830,2.850883768989582e-16,nan,0.0,nan,1778028080.7678742,6daf42a5a595e70a0b083d75349f5d8ae9d744f908ab09726aa09543b6c47c1b
840,5.437652314109912e-16,nan,0.0,nan,1778028080.7688744,60502244e85faf2cd37aeefff1ac4a45aa1a6f8d79b8478d6a83d05cfe24d7cf
850,3.6222138744412695e-16,nan,0.0,nan,1778028080.7688744,e48e68a4cf03d4acc1e55d2172dd3fbf8fe86d8a6b4b358cfa109e8550be1e59
860,3.775811559013219e-16,nan,0.0,nan,1778028080.7698703,d3e60b3619bb3429a258e41f58d87581aa32a1a24963aad20d356d906d0596fa
870,4.419154970095625e-16,nan,0.0,nan,1778028080.770876,210370a79dfc383d86d78a469c2abea7724488374811a1b5ee5a863bc373493a
880,3.1062757420892454e-16,nan,0.0,nan,1778028080.771876,186d95b7307307bc97f6ca4530f75f59d20845f940b07eca0e2ef4af089aeb4a
890,3.7681553697097286e-16,nan,0.0,nan,1778028080.772875,75ae6c1899e90a057e137819c3c54e775edbaf18c2df9ec6cbbed4f0133a45ec
900,9.23917544645395e-16,nan,0.0,nan,1778028080.772875,4b9da27f2681b523cc1e7f61dc8daf48538ad7436b5ad09fbf2acf8cb5b87843
910,3.0468037488834604e-16,nan,0.0,nan,1778028080.7738707,4ce1b155126181aada7bab0a194b6542f6cf794197f3a93ad822476ef7f392ba
920,1.5265799943862904e-16,nan,0.0,nan,1778028080.7748706,b46ce5bef4d91c10befcee70f6256aba5b747a1ecc440349b102b584dc33e714
930,4.426231443960277e-16,nan,0.0,nan,1778028080.7758734,f994d889468cc224fde8b755bec1652088bf6ad9e74ac4de5ff452d3c636a65a
940,5.282688133599124e-16,nan,0.0,nan,1778028080.7768695,ee33c879481090bfe525b4ae10ee9fdc75d5e5628de49c1d728704625673bfa2
950,6.748949862689641e-16,nan,0.0,nan,1778028080.7778728,6ce82154cd5a9eec4b5436083a3b8f2e06ff128d214ac0cc783a70144319af32
960,8.97990508134734e-16,nan,0.0,nan,1778028080.7788815,837501b04908b8f0e84c17149518c0995c85e62efd271d31f80825511f97425d
970,3.1440239617876493e-16,nan,0.0,nan,1778028080.780885,66413deb7bc7e55df805d60c8ef681f707747608d640ca4e1f2777158cf07420
980,2.5524229710986925e-16,nan,0.0,nan,1778028080.7818816,0d4a7e7278d9518f1d81ffbf3427f59124b9f6d5c39bc7419963446b2c3060c6
990,4.67333573396573e-16,nan,0.0,nan,1778028080.7828875,b16c8f1215ca2f6330417ca346af6585ae5f57e83aebecb4e8def2210016d415
1000,3.8615436253412536e-16,nan,0.0,nan,1778028080.7838817,1aac33dffa5d08f24b42956deaa84e8de0f8518a88d0a4075ed361650d8c78fa
1010,9.919709674661863e-16,nan,0.0,nan,1778028080.7858815,15811a3544e6b367f268b8710e068741fc2aca4cbf94d3666fae34672b55e132
1020,3.2701538948372064e-16,nan,0.0,nan,1778028080.7868814,17b15ad50e543ceddaa48b05d6b3837aa7e1064fa3c3821ab154b5a46a1732b5
1030,3.464617435610322e-16,nan,0.0,nan,1778028080.7878811,426120e0b42c6c76ad7d61612be56e1b42428bbf36c968629253db97af1ce67d
1040,4.757603632732463e-16,nan,0.0,nan,1778028080.7888854,0587adde1dd57e195bf8656275bbeb9f4222683b42333e9442756caa73171f77
1050,9.03576326148857e-16,nan,0.0,nan,1778028080.7898855,f076dadcae67baf9e47f88c3889cb4fa4a3d3ace1af523194f28840ffa86eb75
1060,9.061038121449217e-16,nan,0.0,nan,1778028080.7908852,19745d867629853245e00fa3748d7629b5af4bcb4c4b95cf5c0e21ef58853891
1070,4.959741042074133e-16,nan,0.0,nan,1778028080.7918813,f7092539d16f37b809696c5cc2b0fb6cb84ef651738e0f3d03842099b9a723f2
1080,5.211107832629248e-16,nan,0.0,nan,1778028080.7918813,4cc657f6a9bb39aa465532a6fdee0d3ab0c396bb334feb8e809e8226c2bc3bed
1090,8.406408673312394e-16,nan,0.0,nan,1778028080.793392,59adbc1b6b1d6bd7c414cb1616aa5120249e00b1becfb2cba877ef80e30c16e3
1100,4.375356951077776e-16,nan,0.0,nan,1778028080.793392,bf11f7eb65d1dccc941fe28345b8a07f0145c9a4a6c52fe175135100aeaeba02
1110,8.989550859887808e-16,nan,0.0,nan,1778028080.7944064,b327e93bfa61673ba92b33c54331b2419b0416b34195e8270be0ba046328731a
1120,4.867624317614901e-16,nan,0.0,nan,1778028080.7954025,1105135f032849cdbed7375d49714b89396290a3448e53b76bde42cdefdcbe35
1130,6.058768443995776e-16,nan,0.0,nan,1778028080.7964063,d2d93dfce743483ee173188632f80e875a46ba8ff0845ad84c44f969f2492e42
1140,2.3470425211905736e-16,nan,0.0,nan,1778028080.7964063,5146bb968572aac977684166ec4dba461df38bd568554b45bb8454576c310d40
1150,8.90154938936748e-16,nan,0.0,nan,1778028080.7974026,d2a6e8c88c1734cd4c9b85fcde5efa7fdc3a3d8a2ddf9d94d6d166d89aaefa99
1160,5.52198386239442e-16,nan,0.0,nan,1778028080.7984064,1df3436b975d45e323247706fcfd4fb82cfdf53bb1e3798ca80d039e3af0f12f
1170,8.454081793754834e-16,nan,0.0,nan,1778028080.7994065,a1372b482c669492e73d200c09bdf3ad5a0ca2d8e4876e0382dba5a1772bb6b0
1180,5.831974447653091e-16,nan,0.0,nan,1778028080.8004022,3ba3d9efbd43078b71295b074e0fc96e275ff1ae7b41bd7618ef24e0b4544580
1190,3.413537834289895e-16,nan,0.0,nan,1778028080.8014023,3190d2cb670056b46e9cb8ff47c062fb29dac52dcdedb35ef22f93ce1ccd7815
1200,5.810471242486587e-16,nan,0.0,nan,1778028080.8024018,9ac36e9604e310a09fc151bb124751ec3c30ccaddf581b2469eeaa2d7ca72769
1210,5.977537216390317e-16,nan,0.0,nan,1778028080.8024018,4a446113d116aa5c17ca762350306ab07bce3c723bc09ea62c19b6ecaa2c923d
1220,2.806611450978446e-16,nan,0.0,nan,1778028080.804098,6d9a8e1df3cbd6f66884f4747c1361ef4f304de5102c12badd341453b81d481d
1230,4.091630760354216e-16,nan,0.0,nan,1778028080.804098,2cf26962b655be96fd7db200783451e8aa0ed3301407ec9ee5b64ac3dbb33c5c
1240,3.7451011243900564e-16,nan,0.0,nan,1778028080.8051066,5dffbb667ae95fa778b16d412d7f357359653f3cfbe8db3fb2638a098ea07456
1250,3.9722027727908357e-16,nan,0.0,nan,1778028080.8061106,5ec6e0a3000d9ba0525350b8fcdd733d46553456e0cc00c2083b42abf4550ec5
1260,9.700816127606417e-16,nan,0.0,nan,1778028080.807111,87785908f020d5b9dbe1b0ffb92692966d27339e8dc24e68243ac1a543927588
1270,3.729621620272063e-16,nan,0.0,nan,1778028080.807111,fb54e286ac7ad7626bb88eb64937bfca85223f01e1e53e5fbf99b841c38ab7df
1280,5.240601815674128e-16,nan,0.0,nan,1778028080.8081064,99aa4999a78a38401944eb1e2980e0f516b9ef0bc0121c61d834c14dfb9b1ccc
1290,7.201765534530849e-16,nan,0.0,nan,1778028080.8091106,4cdd096ecfd82d22bd6f292b1f660ba389e880adde21936fc0b5c7001e3dc0cf
1300,3.391553377384881e-16,nan,0.0,nan,1778028080.8101072,e1c7efab8ec17f321d3e7c0a1f43c662af413b97454cca1844869e71f233fb1a
1310,1.0672596910748736e-15,nan,0.0,nan,1778028080.8111103,ff45bf5f11758aaf9edc200d840a3ce2711d64cda97364e58a56a5540664ea55
1320,4.3333413215361613e-16,nan,0.0,nan,1778028080.8121107,cfb75179b31685ddb57ff2d51cf6ae87c0d93f8bdf3c8f07994c14b530b01e4d
1330,2.359230755268779e-16,nan,0.0,nan,1778028080.8121107,d9ff38a8bc5334f9df4149d34b7ddeb5cb53e4a7a534d98ec991ea3291acd86d
1340,1.2829276368901908e-15,nan,0.0,nan,1778028080.8131104,6495b96e9dc7afe37589140e69b24dd16d067e72ac9f28627b32bbada7104eff
1350,7.122431404275652e-16,nan,0.0,nan,1778028080.8141105,579c5410d581593cfaf705d5dbb3353cdad63ff96782bed4c31df6d3e9768818
1360,3.118661364545419e-16,nan,0.0,nan,1778028080.8141105,0ad0b2fd77a129dab82ae093413f79b115b83a4916e227171e830526c70f7c11
1370,2.391717818485495e-16,nan,0.0,nan,1778028080.8151102,bd909f070af7c3fbb36c8be2dc93817474250d826001c0f5f4e8d53ffaa9c84d
1380,4.712329195275577e-16,nan,0.0,nan,1778028080.8161104,5e044c3dbd067ee10a5726899501caccf65ebcaeace7cabadc17fa56f7ddc42c
1390,4.046103106497173e-16,nan,0.0,nan,1778028080.8161104,52f39f79afaf1ad297106e55c2668093b931badee03ac6909934062d8ae24652
1400,1.846356090264271e-16,nan,0.0,nan,1778028080.8171232,a4c04a55a48d4bd5b60c6626f31386e8adea9219d9ef6b1f97ce28dc453988fa
1410,4.2841703217504577e-16,nan,0.0,nan,1778028080.81811,4d58207d6b469a56903e1d20358228a33603da8e5090e4e7ecf98b70266f4e36
1420,8.745524681947889e-16,nan,0.0,nan,1778028080.81811,f3fbd5a7f8411eb5e83138339d080fd012005467d193ab92ac78803631cb4640
1430,9.972723146115739e-16,nan,0.0,nan,1778028080.8191116,6f77b53eb7ce9c7aeb5232928085c014a2f5595dd204b1df176c56f5969baeb2
1440,5.082476366495893e-16,nan,0.0,nan,1778028080.8201065,4ad9aa99f22cf61602cf358245d9b6ce6495904a18e594f928a9e394847c4056
1450,7.585007936724713e-16,nan,0.0,nan,1778028080.8201065,04d5b50fc5144379e6b13a6429af6eeb2f383b347d194bb9c546520ac7acac05
1460,3.0821614065938034e-16,nan,0.0,nan,1778028080.8211102,f4716b51f463e7d5d726143937de87fd666ece494d8ec3e5f120ea52d2c3c0cd
1470,3.39084770756692e-16,nan,0.0,nan,1778028080.8221107,3715e56e87cd8f0240b89b2fbabd6f151ef764912da83787a77729c3995cc578
1480,4.947582316660891e-16,nan,0.0,nan,1778028080.8231099,6b5d2724434927eb698454cff598da250ac20d34076ad5ee542d78f52e086e03
1490,3.308186424802923e-16,nan,0.0,nan,1778028080.8231099,85da519ecab2eb23ff549cd75b52a7f195ad16175036264fa42a60de7cfa1194
1500,8.204657197346261e-16,nan,0.0,nan,1778028080.8241053,c844462c35490ddff49851f6ce00021a780d7bc238ee309e83076c7a2acba010
1510,9.80058177813419e-16,nan,0.0,nan,1778028080.825105,a2d9a5e3aa659157ba0501b5a3f532b22ed2ddd446553c25c897e313cbe61c8a
1520,7.590085353758278e-16,nan,0.0,nan,1778028080.825105,40d8a6b8be7c0ec63e03fbe991b46ca5c35affaad4ecebb45e44a5a8647e7c74
1530,5.174499761815129e-16,nan,0.0,nan,1778028080.826105,8b8a2189aa86a5e50192fee688705d29e5d8fee639d7176969e523b5477f4302
1540,6.294155823191677e-16,nan,0.0,nan,1778028080.8271108,117e35a37e4187ec647192426d31caec7232c8bc1676338a4bf8b6bd6a9d4563
1550,7.295086298625832e-16,nan,0.0,nan,1778028080.8271108,3a5103d841b988b93053e72c4089bcefca2fa80fbc57f98229608fdd4715aaf4
1560,2.979693026617635e-16,nan,0.0,nan,1778028080.8281052,db87cc7de64a79b4d48711983fd95ead32f6b00ed01d751019e8af90c5eff9ee
1570,4.022765569691698e-16,nan,0.0,nan,1778028080.8291051,d99b3e4347a29b02ab2c5f64fb594bdb8bee95be72f4beac28efc695343a83f1
1580,1.3827011016719575e-16,nan,0.0,nan,1778028080.8291051,d0db27727de9894ebd71617793ca505492978a7c95bd7e857d0f178612da0b2c
1590,4.0775265929290067e-16,nan,0.0,nan,1778028080.830105,e79c3783cca9d02816ab5d30d25d9f6e76a8a5c8ae394c6764fcfa2fcd1e3d2f
1600,4.357753396539117e-16,nan,0.0,nan,1778028080.8311055,bfbbe15d339c01247112c92a7a1d7ccb395de8f5707c4b646eef06b0833ca480
1610,8.878538002930237e-16,nan,0.0,nan,1778028080.8311055,528560296c018b7e25e23289fc23a6dcb44276072d8c22f40aaaa5790e41bce4
1620,2.850883768989582e-16,nan,0.0,nan,1778028080.8321118,681d300b858dd8b8eec434a9489ee39b7f19856e9ff8835d3be8a805441f254e
1630,5.437652314109912e-16,nan,0.0,nan,1778028080.8331125,49aeb26e9282d8c4cee5bef647deadcb8df27833b2df73ad475f25b4df9f43b0
1640,3.6222138744412695e-16,nan,0.0,nan,1778028080.8331125,ed44fee95439c5daa17f37390578cf16b9933ad3d8297aef89722a357ce8c636
1650,3.775811559013219e-16,nan,0.0,nan,1778028080.834118,4bf44585a916af768752c447e46009f7038808ed7108f99262d53dc2e3ab9041
1660,4.419154970095625e-16,nan,0.0,nan,1778028080.835123,71f30a9ef58a424d33bc5ad964d2c778884891a445ff5b34bbfa43310b529ebe
1670,3.1062757420892454e-16,nan,0.0,nan,1778028080.835123,0d06c426f5af702bf645646d31374258683fd70f4ab8ee2462455319ebb6e0d6
1680,3.7681553697097286e-16,nan,0.0,nan,1778028080.8361118,77c73ea6e165fba6b58967340c295db78e28df4fc933e801d9b19c57db5df12a
1690,9.23917544645395e-16,nan,0.0,nan,1778028080.8371174,3cec427376da11fc9006d8700e7e62092a8108ca66468540cf11aa70edb5ae28
1700,3.0468037488834604e-16,nan,0.0,nan,1778028080.8381176,34ff07674ebef3070b8746b0633d9e4ab4b552c53a4cf4accd7baa47ffd651cd
1710,1.5265799943862904e-16,nan,0.0,nan,1778028080.8381176,fb94f12c964cf0058f6174fdee45f9f30f7d3e03809767e151840aad55d99964
1720,4.426231443960277e-16,nan,0.0,nan,1778028080.8391159,62c5226e512ceceaeeec202503b57fb0507d86de466d2d5f17fe3c972f76530d
1730,5.282688133599124e-16,nan,0.0,nan,1778028080.8401172,d40ccbf727dda531fdcfa56eae7e24b6a49f5b6e1d26db99085c44123be90f6b
1740,6.748949862689641e-16,nan,0.0,nan,1778028080.8401172,ee0a7809c60f754c70f3cadeef65c4ce96a14f7829cf0672d7d1409f122e6ea4
1750,8.97990508134734e-16,nan,0.0,nan,1778028080.841116,c66e6b34ef7afb5cc70c51ccc83f2f7653f722ffe98eff7ee7014fdd7214dde5
1760,3.1440239617876493e-16,nan,0.0,nan,1778028080.8421185,a41013de696a9862640ec42c771e7870aa3ee696348f886e8010d7820a85ab6a
1770,2.5524229710986925e-16,nan,0.0,nan,1778028080.8421185,833ae63f842b9805720ec3a1aeb3bc60b5b1fdc7fd509e530c75c901e82ca513
1780,4.67333573396573e-16,nan,0.0,nan,1778028080.8431177,b348c45c32173fbd59053b792b88a147a1280b6b84edd7773cf5d66082aef587
1790,3.8615436253412536e-16,nan,0.0,nan,1778028080.8441174,f785946ea95f597b9fe8a33015d219639570552bde3b36e919d94d658b47bc48
1800,9.919709674661863e-16,nan,0.0,nan,1778028080.8441174,8d2c7d21a6166407eaff1ec1ca194a403ddc191b353ad2c1102db5a1bbac28f7
1810,3.2701538948372064e-16,nan,0.0,nan,1778028080.8451118,2684143e55837441fa76c9f2f50bee6af5d9d68e69b469a8b91ba69727799175
1820,3.464617435610322e-16,nan,0.0,nan,1778028080.8461118,0cbb4e1685e5b1dd51fa568ef8bf9fc77514622c000ab326b6af1bdc0cdba9e7
1830,4.757603632732463e-16,nan,0.0,nan,1778028080.8466315,5c1e14efc1bb8241885ea69c6afa9bf58574f484a8d2168cd13f521fd9004ffc
1840,9.03576326148857e-16,nan,0.0,nan,1778028080.8466315,4832d4a9a8a31f238530dee0c9c6c63d3008f62aa0a428bc2ac26b33cadac22d
1850,9.061038121449217e-16,nan,0.0,nan,1778028080.8476477,24c83cd540181527253bd7bf7a4b45a229ed1bcdb41d05da2c9ef6be7f03606d
1860,4.959741042074133e-16,nan,0.0,nan,1778028080.8486614,c37fa46903c905c132ba0b09b120d2111a0939dc20867e5fe7a8dd9565f718e1
1870,5.211107832629248e-16,nan,0.0,nan,1778028080.8486614,b4402e6f4027d2fdb698d494a23bb418a6055439492d01c04fa93c2696788f90
1880,8.406408673312394e-16,nan,0.0,nan,1778028080.8496552,d6480f827b9cfc7da216627aee08068b17b8ce0095709566f0e8de9bbb75bceb
1890,4.375356951077776e-16,nan,0.0,nan,1778028080.8506644,9d4c62e9dfa48f4ae7a022c5d69efb512d157896a092aa6c3c30e9b03dc489bf
1900,8.989550859887808e-16,nan,0.0,nan,1778028080.8516555,504f53c44ee26b2fd99df632012b503b61aa04b115b4ecb096a32421ffc30acc
1910,4.867624317614901e-16,nan,0.0,nan,1778028080.8526604,9513744d3d1f73ba9b4e0bd4b70f39ad1878eb79356c4869b9d18350d66e1e86
1920,6.058768443995776e-16,nan,0.0,nan,1778028080.8526604,c02d5396ef26c2ea7747eac4f44af23316dfff61dd3a183061cc0e7affdc6fde
1930,2.3470425211905736e-16,nan,0.0,nan,1778028080.853654,faade7e267bf6a88a26c0dc4f073de58b0d34202bd4a6cebd93f7e8b5bbd9d4e
1940,8.90154938936748e-16,nan,0.0,nan,1778028080.85466,6d263953b7fa94cc67afe6ad60d31543f90a6165a3e89547362582c9b9ae5764
1950,5.52198386239442e-16,nan,0.0,nan,1778028080.85466,2500582297ffa2592b4d74e6cf2d3403907713735f7e701c623616a4c2218785
1960,8.454081793754834e-16,nan,0.0,nan,1778028080.8556533,82f243b7973b59648f007f4dde7eabf942fb906097c67018423d2010742185d8
1970,5.831974447653091e-16,nan,0.0,nan,1778028080.8566556,bca89446b38f017b4b4dbd3a76b9d167dec1289939baf75480f134965eb417b7
1980,3.413537834289895e-16,nan,0.0,nan,1778028080.8576558,dc1eb58976002782f0eb8cd9278f7971605404d6512c3d23c9db4cada281af72
1990,5.810471242486587e-16,nan,0.0,nan,1778028080.8576558,5e4c81160ed15924819095ccc0f2c623e0d519ff7012ff46a12aa00a1e38b437
2000,5.977537216390317e-16,nan,0.0,nan,1778028080.8586607,f1561950981235d176a1822de577ccbe803b0fe293603fd3cd297b8b4d773ad6
2010,2.806611450978446e-16,nan,0.0,nan,1778028080.8596554,4de80f2f0a43c31d604bfe14086556c8f3f57a0e126befa90de07b8985716d21
2020,4.091630760354216e-16,nan,0.0,nan,1778028080.8596554,31e0c6df7a28a403bc603cf447e37c445b630b9fef5578a736c9e759be9b9cad
2030,3.7451011243900564e-16,nan,0.0,nan,1778028080.8606565,7e10f22b711ffa9bcdfadc8aa3c307efe9626fc19bb73a0f32d432bbaeda9ee8
2040,3.9722027727908357e-16,nan,0.0,nan,1778028080.8616543,dcb94efa5f35edca019c243ad3db44c8ffcecdb7ec86ec29b610559d7b387f73
2050,9.700816127606417e-16,nan,0.0,nan,1778028080.8616543,413131a7c5775f4ddad21b980d3f0025b7bfcd9695a080d77e8a868e05db199d
2060,3.729621620272063e-16,nan,0.0,nan,1778028080.8631651,71c35dbc35645057dcd09687022cd7b84d83f9116b09861089e4378b7ab8af6e
2070,5.240601815674128e-16,nan,0.0,nan,1778028080.8631651,78cfe48add63dc6306e3d0f7f62b1d19d6eb3ee71d45216c5cf6bb76fd33a89d
2080,7.201765534530849e-16,nan,0.0,nan,1778028080.8641803,e9d68cdbe9b09a4b99a958a854806870bfd95763e8c6c4cd281d121423e9cfa3
2090,3.391553377384881e-16,nan,0.0,nan,1778028080.8653214,04c34c8e524fe4a2e0294f2d2d76e66b539c296a317936d2d8c0ca2f1a00488e
2100,1.0672596910748736e-15,nan,0.0,nan,1778028080.8653214,435153c380157f9f812d7a37c9041039bcfe1ceffd7003e4027dcc682163cbae
2110,4.3333413215361613e-16,nan,0.0,nan,1778028080.8663259,09edcb7d59d5b4ca936028e23736b4998fbfa4085c681003dc68b6ce222ca76c
2120,2.359230755268779e-16,nan,0.0,nan,1778028080.8670244,3b4223dd0575f4126d43fc86d101518cd4dfe8ecb9aedeaf95171960bf29e94a
2130,1.2829276368901908e-15,nan,0.0,nan,1778028080.8680313,5850780af440d3fb206ca2596d334d225921367572171caff8469e55d301c951
2140,7.122431404275652e-16,nan,0.0,nan,1778028080.8690379,cba7ee7ac2ccf293d37632aa64817b9dd31cc50840b54fc6f4a33b24be5ed512
2150,3.118661364545419e-16,nan,0.0,nan,1778028080.8690379,381a9a19095943285815dd713c397e961db1c9886dd015019e6264ff5cebbca6
2160,2.391717818485495e-16,nan,0.0,nan,1778028080.8700328,2f992f309101b20b9ef5648441e5737492003346e9d3ce1a4cc15d00656f0c71
2170,4.712329195275577e-16,nan,0.0,nan,1778028080.8710334,94a9aa84e1529dce977f25ad27bf7304f3b1fda6b588709073409fd37ccf64c8
2180,4.046103106497173e-16,nan,0.0,nan,1778028080.8710334,19f7d3c44c9b75d20cc2a4714d0e490e0652dd09422b0bdd13bbdddc039a8ab6
2190,1.846356090264271e-16,nan,0.0,nan,1778028080.8720367,f9082002320d099313d94b3dcb2db7292fd3d31ff5f538534bbb0c5e5f169d40
2200,4.2841703217504577e-16,nan,0.0,nan,1778028080.8730373,691786724e965327e27dc8c841914c328107c1a7d7836b1b84237211d0101475
2210,8.745524681947889e-16,nan,0.0,nan,1778028080.8730373,e4205372839dae2ab9974ad715cd12e778c3966cfa6f3124f8573f5cd34d2668
2220,9.972723146115739e-16,nan,0.0,nan,1778028080.8740366,49cafcaa43163f0585bd1919871f5dbb43a859d27092cf70330179cfd823b91d
2230,5.082476366495893e-16,nan,0.0,nan,1778028080.8750427,bb162ba62366dc6b095411a8740ba38bae9780cde2dfbad2da4602da70090446
2240,7.585007936724713e-16,nan,0.0,nan,1778028080.8760374,96a30f34752c2722b6f94975a1f1d94b24388df1f5d23767131ff3a8cb62ed14
2250,3.0821614065938034e-16,nan,0.0,nan,1778028080.8760374,2dfe8e7d0179536ee08f2b490509ccf703911abf2a1e5fb6e4ef1f02ff8bdb81
2260,3.39084770756692e-16,nan,0.0,nan,1778028080.87703,792c74649e0c4cbfb1c363b2b84fab1fd29373c86749d6fe6e517d3d206c7285
2270,4.947582316660891e-16,nan,0.0,nan,1778028080.878037,215665c2da37487f98f93f724b280d21bdfd2b840bf96df9b4f3c6e81fbd1401
2280,3.308186424802923e-16,nan,0.0,nan,1778028080.878037,929c15117c19667018e2e27c8c4b09b427237ab225d0a8aa003b0163fddb560b
2290,8.204657197346261e-16,nan,0.0,nan,1778028080.8790367,34e01fd199dfc5c6818157f050b43643f875e0489e81a24b61396c4878e256ab
2300,9.80058177813419e-16,nan,0.0,nan,1778028080.8800297,53386001ae5aebd534e36ec597765b4b5dad3e542f9a8ffea76c91ec92cbc2e5
2310,7.590085353758278e-16,nan,0.0,nan,1778028080.8800297,86fa81da1d08b9df20b474c90571299efa578501cc7ec94dff91b396406d9a37
2320,5.174499761815129e-16,nan,0.0,nan,1778028080.88103,778306de500241515f2514790d2f2f15afbb74f92a18faf033d1b6203154aea1
2330,6.294155823191677e-16,nan,0.0,nan,1778028080.8820333,945387e537f6cb08879cfa32105572791c8ee771e4a6b4f3aa1567815fb4ff72
2340,7.295086298625832e-16,nan,0.0,nan,1778028080.8820333,885a41e15569c8c06e0bae56d48962c85edd165b70b27bbaad4186eb362f30a5
2350,2.979693026617635e-16,nan,0.0,nan,1778028080.8830414,d179a6ecff82c1310db87685b06d07765fa8ac72fb26726acf4f7ed203719138
2360,4.022765569691698e-16,nan,0.0,nan,1778028080.8840308,916a56faf5b64f91c8debc5a088c45baf3e27ab7d582d02a7c967cc96871586f
2370,1.3827011016719575e-16,nan,0.0,nan,1778028080.8840308,67947206cb0c26bff7573af2e3d4422ad90c3c119b4da5214051f06b04ef73ae
2380,4.0775265929290067e-16,nan,0.0,nan,1778028080.885038,85e9618ab8e7e016118335c0d7ce458571424623be9bf3ee83d6441dfa30c3c2
2390,4.357753396539117e-16,nan,0.0,nan,1778028080.8860302,334aacc6218bf821aea93244d0da933e9a37ed448b5a5ca04713327e274ddb53
2400,8.878538002930237e-16,nan,0.0,nan,1778028080.8860302,f1561e88088f5a7326d7297dee5f025717b7ed779c6e01d2b11290a08598ed61
2410,2.850883768989582e-16,nan,0.0,nan,1778028080.8870294,b1733418c830cb32991b0dfa9c3615c916e1aed97b101edb3da9102e72e96398
2420,5.437652314109912e-16,nan,0.0,nan,1778028080.8880298,6d058607ecc7d32ed28d0cbb4a50be13df89e8b2dbf6fa6c4aa931d088492c9c
2430,3.6222138744412695e-16,nan,0.0,nan,1778028080.8880298,8c04df61db21d27103244639df31ed0c76b67f5c6b97f33d19732955d53113ec
2440,3.775811559013219e-16,nan,0.0,nan,1778028080.88903,94e7c3aa8f75c036a73b7ceb42d204c0ee86ab0feee9aa46e906feac41e8f7c0
2450,4.419154970095625e-16,nan,0.0,nan,1778028080.89003,a22a99a16286264ed3ab8e1a7ee60d7d78f368c86b470b33f8a326a5d1c1db7a
2460,3.1062757420892454e-16,nan,0.0,nan,1778028080.89003,90514aa1fb0a67d1489ee46c16ac503f8fbc8f7367acb5fb0aa06cf58231461b
2470,3.7681553697097286e-16,nan,0.0,nan,1778028080.8910296,e0cfa02f32ae10b2018a93293514e4c5cc61576fa9dd554cd8249047dea01582
2480,9.23917544645395e-16,nan,0.0,nan,1778028080.8920293,b7815796413b3883420007919f699272dce9a0308fc4a1275a4383f6c84c477a
2490,3.0468037488834604e-16,nan,0.0,nan,1778028080.8920293,b3fa7be53d3a636916838200781ff9ac12f1fecdbd4b6229aeb74169cef2d040
2500,1.5265799943862904e-16,nan,0.0,nan,1778028080.8930373,8f646fdb9612ee47a47b9a4422301453299c87c2e311d7fa8fdbb6935774b677
2510,4.426231443960277e-16,nan,0.0,nan,1778028080.8940299,48df59822561288e12febeee6c86a6db9550af7cff811ed815096e7c24b1b1cc
2520,5.282688133599124e-16,nan,0.0,nan,1778028080.8940299,764c49eab0d9fe38250228d33a5ec178c71f488e5d58c6528d3da0591598ee80
2530,6.748949862689641e-16,nan,0.0,nan,1778028080.8950295,2c62bc2f44fcc1395b55385f69f52ff2c34f1943f0de945af633b25afebbd813
2540,8.97990508134734e-16,nan,0.0,nan,1778028080.8960304,f70f415620a3cafe443c6965e75ad7f259d8e06e00ccda1742dda7907cd82750
2550,3.1440239617876493e-16,nan,0.0,nan,1778028080.8970299,78469b7b78ad8e44cac101c123ca40885cb5fac32fb3bf4fde08f8d4011e5dfb
2560,2.5524229710986925e-16,nan,0.0,nan,1778028080.898037,5320c19e6bd8d5f8b83b9f27220c9c6911999547b7dead5af06e16ebfdf81e6e
2570,4.67333573396573e-16,nan,0.0,nan,1778028080.8990302,0ea60791cca459a3e4ded5cc643b67e4ccc3ec97ab347bc6be2f91236f5cbdb5
2580,3.8615436253412536e-16,nan,0.0,nan,1778028080.8990302,abfe604be4b4ee8a34ac81cf1673c756d827b6144f9828166081aa144e18dbbb
2590,9.919709674661863e-16,nan,0.0,nan,1778028080.9000368,2abb759fd74cd3156c7e7dc6b36c2bff36a94813a3a2d070ec2bc3725edc3efc
2600,3.2701538948372064e-16,nan,0.0,nan,1778028080.9010367,b6109ec5a407e55007b4bef1a39729ec5bae3a8e5c4387ccd58d85a74f60bc80
2610,3.464617435610322e-16,nan,0.0,nan,1778028080.9020298,187e4354516101e8503d5c0165f3e17c3c47167f437e6477010043579dcd8b2d
2620,4.757603632732463e-16,nan,0.0,nan,1778028080.9030383,d6425d7d6910e72db7e170f2e0e3727eca4ba8a924da4d1d3479e8130753cf34
2630,9.03576326148857e-16,nan,0.0,nan,1778028080.9030383,805d3edce5fc4ffe83d869714d5758f4684b217a2b7eb8a47b0f0f53a232519c
2640,9.061038121449217e-16,nan,0.0,nan,1778028080.9040291,0251eae66f0d0dd0588e349117c0640ad5befc96a7fa12d89bd487e28045cf19
2650,4.959741042074133e-16,nan,0.0,nan,1778028080.9050303,3ed9fd802664a8f5ecfae5c518318833a9f5d86b1dedba9d1daf9bed8686b045
2660,5.211107832629248e-16,nan,0.0,nan,1778028080.9050303,33ed8a2f8441268416b13921816fb976c2f3995b715e2bdb802cd47217a1c811
2670,8.406408673312394e-16,nan,0.0,nan,1778028080.9060295,2396ee25f14dd108e380a94bca6790014bbfa563b6bf32cb85856b25d3f2e708
2680,4.375356951077776e-16,nan,0.0,nan,1778028080.9070373,b428942dd0b2f40533c6ea632f45839d3deefb0aadab234daa9878b846ca68f6
2690,8.989550859887808e-16,nan,0.0,nan,1778028080.9070373,9340a65b3a80c53edae49724e0ff5ca78405fbb1c6b6cabc6b2f1ccac1eabfe2
2700,4.867624317614901e-16,nan,0.0,nan,1778028080.9080298,ca1a35e8c6110cbe9e5bb59ef93a75119f3d66886d12fb8a579660d045e14f78
2710,6.058768443995776e-16,nan,0.0,nan,1778028080.9090297,4626f57e855113e38489ef91bb3fbd4c5da6e82f92d020893cc3dedd5b335b37
2720,2.3470425211905736e-16,nan,0.0,nan,1778028080.9090297,86a91205b7770bfb7414e60539a67349c8dcd0936cd8f0aa2d160a0644f7d95e
2730,8.90154938936748e-16,nan,0.0,nan,1778028080.91003,48046821a35b9b12dcd4888df9f9d95b553579cb550f95736899bcb6bccac660
2740,5.52198386239442e-16,nan,0.0,nan,1778028080.9110327,bb5aa55419ab30e9afa968f71bdf35161adbb4a16b735ece998a4eac3800170f
2750,8.454081793754834e-16,nan,0.0,nan,1778028080.9110327,02cb8e3a3f2ffbd31efea11aef2eed9ef1fb1e48dc95113bc5cb81e96b10728d
2760,5.831974447653091e-16,nan,0.0,nan,1778028080.912033,ef054ba8cd16e008ab2b74f091aaa00a4903b0b38dfa63599181ce89b1a3ab75
2770,3.413537834289895e-16,nan,0.0,nan,1778028080.912033,e34b0764e7f987cf286b9fde8d113b59903accad912e175d4c2ae1c4734f25d0
2780,5.810471242486587e-16,nan,0.0,nan,1778028080.9130301,809576ea49c5c00c4fd395fd769b6e5f9fd5a193f0976e64adfd37efec3e61d8
2790,5.977537216390317e-16,nan,0.0,nan,1778028080.9140377,aeea03d931e600ad2f91b1fa5f1f057dc1d145eb384b6f0fd839d0ff18792d3a
2800,2.806611450978446e-16,nan,0.0,nan,1778028080.9140377,0cc3a31f249a9d5b01254a6f5f3871909803550176473b860bcc1933e3904c1e
2810,4.091630760354216e-16,nan,0.0,nan,1778028080.9150305,66fe390b806cbfccf234d92a0db80e81f60883faabe98861b88a93abc8ecb690
2820,3.7451011243900564e-16,nan,0.0,nan,1778028080.9160373,0f490b6eeb1f36f507a7dabb211263a5b6f61ca1b6553d6e5e6266fbb1ee8ca5
2830,3.9722027727908357e-16,nan,0.0,nan,1778028080.9160373,604c27f80b42e8665a9363f10e6e3b84ea7c6d904db18164dc2fa0fee71440f3
2840,9.700816127606417e-16,nan,0.0,nan,1778028080.9170375,59ccc204401793a67c13ba45c4f04823ec3c4743642c5b6fdc2f54b2d73e5f6c
2850,3.729621620272063e-16,nan,0.0,nan,1778028080.9180298,40eb0d407004d5d9cfca73e263e244efd01c3e8c0abc9766b3f57b9c54013441
2860,5.240601815674128e-16,nan,0.0,nan,1778028080.9180298,a156e55fcf2d7f0a4e85ecc184cb9c99d9fd63af1bebb2dbae52e2da96d8763d
2870,7.201765534530849e-16,nan,0.0,nan,1778028080.9190404,a2292ecf8954bccf57c99d4af3d9bc79dccb90a60d2a2bb7df2e868b47441cc2
2880,3.391553377384881e-16,nan,0.0,nan,1778028080.9200406,dbd4b2c74dcfad4fa54670959c49e202627e32313372b15b04d0b16b4495869d
2890,1.0672596910748736e-15,nan,0.0,nan,1778028080.9210455,d37602e79e6db53dbb9189d3102a68025e13c071ea02a7112d0d49862075c3db
2900,4.3333413215361613e-16,nan,0.0,nan,1778028080.9220335,41a3845f763dea8de0a5baf91ec77f528b0c18215f10ebb53ca4fdba7c9a90e0
2910,2.359230755268779e-16,nan,0.0,nan,1778028080.9230409,579738dc2f4773baa3566a3dc492eee5721b2b8f31ad5f0e6cafbe3f6d28379c
2920,1.2829276368901908e-15,nan,0.0,nan,1778028080.9230409,a3dc57a939fb80352404486580246b940baa8c345ed8a3930ec7ff821e0e7c61
2930,7.122431404275652e-16,nan,0.0,nan,1778028080.924043,7d2aa98df9e218142d82d089de12e14761b13b457b3413a0ff8cf823a4a97adf
2940,3.118661364545419e-16,nan,0.0,nan,1778028080.925041,74982d2c5a79220a96e83da61d303030a2babc494ce92bd129cccd83b30ff71c
2950,2.391717818485495e-16,nan,0.0,nan,1778028080.925041,bfae9cd08ae92b5054ead4bde061a493e0cc359e81b815ca3e9d64d1e5f97768
2960,4.712329195275577e-16,nan,0.0,nan,1778028080.9260387,0caf9df434562b0c1ab052ffec435476885e011166d66aeae155fbd6c2b6a12d
2970,4.046103106497173e-16,nan,0.0,nan,1778028080.9270344,c2eb0e38bb2b9fa8cba1f3725e3289d3dfccb675e67c8498fc197352167fb564
2980,1.846356090264271e-16,nan,0.0,nan,1778028080.9280348,4e0b4751494a87d14e3d5660a67aaee8f20b67206a6117a65336666a8c4e456c
2990,4.2841703217504577e-16,nan,0.0,nan,1778028080.9280348,6345bbcecaff7d8f4d3cf1417d35c5187191ca108274048f26e5816292a53f82
3000,8.745524681947889e-16,nan,0.0,nan,1778028080.9290338,a8f0868d8accfa5118ab3d56bd96cf5e3702944d0d50a5710a09da88e4c707cc
3010,9.972723146115739e-16,nan,0.0,nan,1778028080.930042,dd22cedca2c3c40202994cf29febfa7ca837110454fa3d4cb7aba9a1f88933f3
3020,5.082476366495893e-16,nan,0.0,nan,1778028080.9310338,5e1cfc1e9640c575db3860386cef27add4edf61af010409d5df798f276e53213
3030,7.585007936724713e-16,nan,0.0,nan,1778028080.9310338,182b41cc8ffb22ac54d36e9cf9924204444bb4ee82e4fffe71e301e08899f82e
3040,3.0821614065938034e-16,nan,0.0,nan,1778028080.9320338,f000b35f97972c2cb7771449eb9c39c413c5c8c02f4649767852bfd6a2f76527
3050,3.39084770756692e-16,nan,0.0,nan,1778028080.9320338,1df1109e921eb0a6a3da440747cfe30fdb4f9fca9f127001f6ebeda4baac41c3
3060,4.947582316660891e-16,nan,0.0,nan,1778028080.9335418,87ce6bfb2f6e09b60a88f4a58c34cee76cb958735ce795760e53693c10a85988
3070,3.308186424802923e-16,nan,0.0,nan,1778028080.9345515,3facb0e85b35a9a502f234534514f8db7b8a29bb2aa6e0d2bc25e9ee162556a5
3080,8.204657197346261e-16,nan,0.0,nan,1778028080.9345515,dc5190098c6075de67723b39a2a31b9865df896124d7bb9c480650f35b27bf4d
3090,9.80058177813419e-16,nan,0.0,nan,1778028080.9355543,4e98848da2f0fd7827baba70caf965eaa7c5d045e44feeeeceb031d9b79a882f
3100,7.590085353758278e-16,nan,0.0,nan,1778028080.9365556,7376b0ffe2a6fa9bb09bfc8949ade8e83833332cf5da4057f467e9896ddb800a
3110,5.174499761815129e-16,nan,0.0,nan,1778028080.9365556,f4340ce471bb6f342515d209158cf65a22663d42e5f794588969993c52b0aae9
3120,6.294155823191677e-16,nan,0.0,nan,1778028080.9375541,8b055a989c9cbe5216282ae58c63d087d9905968c709ff0f0b9edd508b7d0768
3130,7.295086298625832e-16,nan,0.0,nan,1778028080.9385576,0aa714ee5bd33e606e61c97d1d007a1a6f3f33b9c2c5a7582448bdffcaff0348
3140,2.979693026617635e-16,nan,0.0,nan,1778028080.9385576,4581c6c18481e2bd9fc61d73f035c2024c64151c0cd900dcc74bcb1209bd9280
3150,4.022765569691698e-16,nan,0.0,nan,1778028080.939552,e6404799c0ebe49a6de8bb6c433097773f3942f1d16a484ac1e01ba1f2941f38
3160,1.3827011016719575e-16,nan,0.0,nan,1778028080.9405568,ad98e6ab9ed0dbfcbab2dd8ec9358d12ccbf56ae2da634e5c72fecc7bbd6bd0e
3170,4.0775265929290067e-16,nan,0.0,nan,1778028080.9405568,ba7751fc556f49cf9acd4e9d789d89074e79a1d4c23d3b2c3e07a2fe41789936
3180,4.357753396539117e-16,nan,0.0,nan,1778028080.9415505,3bc424fd8952bfd06563c2d9d5641f5dc985a3672899fd8fa1b7f651026951dd
3190,8.878538002930237e-16,nan,0.0,nan,1778028080.94255,122c0b6fd8af67c23000cbcf8d230d78c58c8776b40194381b1b4ae533556362
3200,2.850883768989582e-16,nan,0.0,nan,1778028080.94255,a408a10793e5d7ff3f00da4dee71e0d76ab92895150ea6fe0ce478fa38191ee7
3210,5.437652314109912e-16,nan,0.0,nan,1778028080.9435573,b2d8d816ffcbaa573ebba93d47080a396b4413fcdf0ac767ad2cdaaaa86862d2
3220,3.6222138744412695e-16,nan,0.0,nan,1778028080.9445505,507ddabd02c6e5179aae012bf7f9214c2f4942d78d48165726c334d8500b7c60
3230,3.775811559013219e-16,nan,0.0,nan,1778028080.9445505,1c6f0f9b0d199e8b1198f40aeda3fc61343b3bd4231c3cdeb1f975c546e8dcf8
3240,4.419154970095625e-16,nan,0.0,nan,1778028080.9455504,e6084a2a23efccfb7a4bb6409c83d5464673b3699edbee666d4e8902bf248b57
3250,3.1062757420892454e-16,nan,0.0,nan,1778028080.946685,064d470d509de8ba4b0737fda34addd99242f61b8878c65beac66f6ab8f31a3f
3260,3.7681553697097286e-16,nan,0.0,nan,1778028080.9476926,e98e351fdd860f612540381f9111a2223f16b28832749aaba73aa6c1f0024158
3270,9.23917544645395e-16,nan,0.0,nan,1778028080.9476926,83080806682baf8c9d079c6db89fd6a0f6da48a712fa47a5bee27c9ca4ffe49c
3280,3.0468037488834604e-16,nan,0.0,nan,1778028080.9486923,620f720569167e5235de8fe65a1189decbb42c577133eb60f69201eb81651f0f
3290,1.5265799943862904e-16,nan,0.0,nan,1778028080.9496965,15108ede77d9925954afc3af8d13d2310027949c040dcc2177e9649d3da2a416
3300,4.426231443960277e-16,nan,0.0,nan,1778028080.9496965,75209273c647793b1df0bdb2ced0f07f53bb48890000d813f2cb871a95b5b156
3310,5.282688133599124e-16,nan,0.0,nan,1778028080.950697,430690fcec3b600b94ed72acdcda5f276bc67e1dc46700a62408dd3cdaa75643
3320,6.748949862689641e-16,nan,0.0,nan,1778028080.9517043,8fe6a997ccb952de49ae5f715d105c8679b7f176e6bd915bb6b91daf374cae12
3330,8.97990508134734e-16,nan,0.0,nan,1778028080.9517043,8e23ed2f1a8bdefaa57cc377fbce8ffcf4c8e26d93b7b3b34b5c743869695102
3340,3.1440239617876493e-16,nan,0.0,nan,1778028080.9527035,4035060e5882be34e9d729a02013f44fb0cce119d357b26969035a401ec383b6
3350,2.5524229710986925e-16,nan,0.0,nan,1778028080.9536965,7c16b2dac13eb66ced77d5cf9fd795e95f62be9fafa285ff5377d78aeabb6f9f
3360,4.67333573396573e-16,nan,0.0,nan,1778028080.9547033,510ed05727c06f6fa903df63389b08394f3382c208b07b510d1afe4197383498
3370,3.8615436253412536e-16,nan,0.0,nan,1778028080.9557035,d575c0bb1da652b12333e1d0543407a311bc92a0811b16ec22fd4de58c9c2d0e
3380,9.919709674661863e-16,nan,0.0,nan,1778028080.9566965,c39f27d405e61c2024f3f8644a38308b03930e4ccf4e0f4bf7c54863e1cd3242
3390,3.2701538948372064e-16,nan,0.0,nan,1778028080.9576967,2b6c12a4cb796a874e38b4f9a80e1d96d45faa83028e84b51b439da49148e350
3400,3.464617435610322e-16,nan,0.0,nan,1778028080.9576967,dbaec2657bb8dc5bbc6c9da3c098daab9d3cb9a5dc584f90e7836b2bf573f97d
3410,4.757603632732463e-16,nan,0.0,nan,1778028080.9586964,e0630c28b3d74a7e8d9db5d8a24c6eedb595ddff3c6ffa9520a741bdf0363da0
3420,9.03576326148857e-16,nan,0.0,nan,1778028080.959696,ba6ff68fa65b6e7efb44012d4fc86869eec048785bf4c25f385e833d166e30bd
3430,9.061038121449217e-16,nan,0.0,nan,1778028080.959696,51fb68a540f6640101b10d541e79c59fea26793e5238584a602f819fe8edf0c9
3440,4.959741042074133e-16,nan,0.0,nan,1778028080.9606965,63e27ddeed44af0309e4f7c3d380a69c52f8a5c6c924dc5c62837236a2b662bf
3450,5.211107832629248e-16,nan,0.0,nan,1778028080.9617062,e7e542553b01403cc87b6d96906dd7e4a320351c92fbf6b126a1295cff946bb4
3460,8.406408673312394e-16,nan,0.0,nan,1778028080.9626966,61c426b4cd66b94f465d1ac58d13cdf8285bfd1e267a5ed0f075a18810f02e20
3470,4.375356951077776e-16,nan,0.0,nan,1778028080.9626966,0468b3e418881faada783e250fda4150685046827242c27cc01b40796ccf2514
3480,8.989550859887808e-16,nan,0.0,nan,1778028080.9642007,3101436036e00874343b4b9de34a67a3a3542176b1eea46a95e8a18fde0e977f
3490,4.867624317614901e-16,nan,0.0,nan,1778028080.9652083,5c4252243b3bf68bcde6b7157a09d84a3a0abce18f2832b37c2e904fd584e235
3500,6.058768443995776e-16,nan,0.0,nan,1778028080.9662068,51dd80d4c1eed48a484f9b637c623d6371ea9800fd77c9c8300c2b1742d6e736
3510,2.3470425211905736e-16,nan,0.0,nan,1778028080.9672139,85ede53c4f2a08ff5aa45d38c7628cbbbafe231cad8eeff8550a909e9d5e9a0e
3520,8.90154938936748e-16,nan,0.0,nan,1778028080.9672139,3e300f8408a447f3baa09ffd6c777002f4acc0c1693a6ba361501922db497c65
3530,5.52198386239442e-16,nan,0.0,nan,1778028080.9682062,2bf819eb38725114a596d44e75e0a9e91920aec9ad0c8d1d39aac84ecc9fcd17
3540,8.454081793754834e-16,nan,0.0,nan,1778028080.969206,f3ac9c9c9ad21a26664fa206f009460c7d63c11063f94c1a98fb712dfe56f494
3550,5.831974447653091e-16,nan,0.0,nan,1778028080.969206,eeab20bd360767de5b9e25d722d9c8f27e8d72a6d299f158ef5dea9a2e0bec00
3560,3.413537834289895e-16,nan,0.0,nan,1778028080.970206,086d0ea3ac95d78ac73686906bef7f5b9571ccf0563a707f0302db96f4c21cce
3570,5.810471242486587e-16,nan,0.0,nan,1778028080.971206,ed65636e0e72569ec531affb2f6b888292c451d0efbcd914f61d8ff8a724a7f0
3580,5.977537216390317e-16,nan,0.0,nan,1778028080.971206,d3d799c42c709a4e7ecbe198b1db40baf32fc7dceb217715160d666d594b0caa
3590,2.806611450978446e-16,nan,0.0,nan,1778028080.9722097,e57d84bdcf6c4e83300279632980bc578fff3cce4b4eacc4b4713cb8331ec7cd
3600,4.091630760354216e-16,nan,0.0,nan,1778028080.9732847,0bd6023daf6fd80c7c62cf50cbf715fda6fe72ec3d25791ed30b670f4dbfee32
3610,3.7451011243900564e-16,nan,0.0,nan,1778028080.9732847,cf2aa623887d915ecaa8730fbc4ca365b56536875d9672040de5aaa3b35e335c
3620,3.9722027727908357e-16,nan,0.0,nan,1778028080.9742086,ddd3dca14dab34b9ac21c49cbee7e455ccddc70eca58878e842b453520efbbfd
3630,9.700816127606417e-16,nan,0.0,nan,1778028080.975214,e8fea28909796db546adb3160df20d83c4ee07674b063d0f79ffc0f80f28e2ea
3640,3.729621620272063e-16,nan,0.0,nan,1778028080.9762135,b5a01c457ed1ebe16ef137dc57d0ce5288cc0cd30298557ef6b8b7384980f9c1
3650,5.240601815674128e-16,nan,0.0,nan,1778028080.977206,7d6b674b7e85773ac9a70ae08c77bb92a37b429f1fb62e834b74bea4027e769e
3660,7.201765534530849e-16,nan,0.0,nan,1778028080.9782116,cf401d58bd01417e5268162fb07dcce1e1b40a87aa5254bcc9d0c1e6d02c7526
3670,3.391553377384881e-16,nan,0.0,nan,1778028080.9782116,6c72d3fa884a344a4ec7f0ef1c9cfb27e5812048e4fefb2d9a4efc02f2611146
3680,1.0672596910748736e-15,nan,0.0,nan,1778028080.979219,f73a0532237208ca6a26abe626f8eb2b835146b2f4f20857bb71b73c444635f5
3690,4.3333413215361613e-16,nan,0.0,nan,1778028080.980218,161153208543be88f7ca833f4bebeaf153120f99ab568d6a649e217ed697a65c
3700,2.359230755268779e-16,nan,0.0,nan,1778028080.980218,5e2c752846b1831742818f0266dc8273c5da5cde83a5839d7705d8788035f108
3710,1.2829276368901908e-15,nan,0.0,nan,1778028080.9812212,743e1cc12c16a6a48cdf0fc11ed01fb82394bf8c155d55d5725a7ff9abf46d0d
3720,7.122431404275652e-16,nan,0.0,nan,1778028080.9822257,462a9f184ea9bde3f8be44703fa8e49b535a11bd725cc4b11a3893f28331dffb
3730,3.118661364545419e-16,nan,0.0,nan,1778028080.9832184,f92a892a60a6d708086a85838fff679b31cbbb5b32c6b7c52fb9fd5d428d2d8d
3740,2.391717818485495e-16,nan,0.0,nan,1778028080.9832184,507cefeb68a45a8d64aa9f48c10245371f04997658320a330328f04b609f88c9
3750,4.712329195275577e-16,nan,0.0,nan,1778028080.9852214,8c0317945735aa715136888a57763e97cb0e7f4284ec6d67edabbe54e382a824
3760,4.046103106497173e-16,nan,0.0,nan,1778028080.9862182,36f624341f3b52c3c65dcb88eff2129b3bc71907b0ae3963eaaadb9ef9204334
3770,1.846356090264271e-16,nan,0.0,nan,1778028080.9862182,890748f6d172c030bdfa2f410f4cb33a2c30ebbefb1e18c135a0482ded713877
3780,4.2841703217504577e-16,nan,0.0,nan,1778028080.987227,ee1fd4310b90f74bb67bb61fb06d932904ab9907bde4b8969161b1d81dcbe1b7
3790,8.745524681947889e-16,nan,0.0,nan,1778028080.9882183,0e3df5dc44f5e9af28813eae42dc9b64c81a5afd564435843f0205231272a440
3800,9.972723146115739e-16,nan,0.0,nan,1778028080.9882183,7c2c50c9d7db853b077303fc78fb43feb58980e3e5dc01f0e2101c8ad66e33e1
3810,5.082476366495893e-16,nan,0.0,nan,1778028080.9892275,90e6d8a6fd644a78b731ed86f1ba0d7ab8c3328b1c4ee117f2d8550d403af313
3820,7.585007936724713e-16,nan,0.0,nan,1778028080.9902186,cfe705e33a63e88a0d692251ad231e0e8403136db1f369256b396a79c7316df8
3830,3.0821614065938034e-16,nan,0.0,nan,1778028080.9912255,3f47b2fba45d3993b8ebb77cfa6f941aef48215f462d8c88f12a46a7386b3a3f
3840,3.39084770756692e-16,nan,0.0,nan,1778028080.992226,9bb663cf1f6de89b826f46812b92e18c65b741c5f0f6c2ee05cc729373096c36
3850,4.947582316660891e-16,nan,0.0,nan,1778028080.992226,0a5ceb100ff2a3b86ce24c64481a2eced5bd7bd28420510a48352bb036e8fcad
3860,3.308186424802923e-16,nan,0.0,nan,1778028080.992226,19458a82f344c3f1b050475aee78ee9545128a5ff2c9f20e859c47fe1ae3dc63
3870,8.204657197346261e-16,nan,0.0,nan,1778028080.993731,f3b547b8a3538a43a44ccf99542b250e46445db39d7101579ffb5bdbd0272cac
3880,9.80058177813419e-16,nan,0.0,nan,1778028080.9947429,e117b8b690228622a1d3eaa3a7937fc1cae39547553be8c1c026961323fa0735
3890,7.590085353758278e-16,nan,0.0,nan,1778028080.9957428,421d1cc53d71fdd678e4c8d7351bad8f7fff8e4c1c389c516b490a55d86f1c8b
3900,5.174499761815129e-16,nan,0.0,nan,1778028080.9967372,b17b87cccbcf8586f2b68a7353f3c1e151b5a10b728ecf07681a366280a1b365
3910,6.294155823191677e-16,nan,0.0,nan,1778028080.9977357,1a052b08b1264a9436796f970f82a6956f36cae3bb717885504984373f012c17
3920,7.295086298625832e-16,nan,0.0,nan,1778028080.9987426,a1992a4628940b846c62089a834084f6e75fcf90d80e48ddf52b1096dbf5f1de
3930,2.979693026617635e-16,nan,0.0,nan,1778028080.9997363,0317ca1fff1fc66867c41356ab62c8a5b1db046abc12c7b18f2320ec68e5fe74
3940,4.022765569691698e-16,nan,0.0,nan,1778028081.0007443,b5c593254fae1ac74c7461c9a63dcf033c857b0c52ce2c8c16c63c4e5d155246
3950,1.3827011016719575e-16,nan,0.0,nan,1778028081.0017426,84df334f30559cd8797fc192ab1eb368d6f956c5d2831da3a3def5b625d9076e
3960,4.0775265929290067e-16,nan,0.0,nan,1778028081.0017426,f05a78932a4aec3091682a88b2b7b2131da1068e358ac57c152007741138a63a
3970,4.357753396539117e-16,nan,0.0,nan,1778028081.0027425,ab9eefea3cc6bac02e5ce4ee4d6a3304534f54cc9c236e5719da5b9f8b3875e7
3980,8.878538002930237e-16,nan,0.0,nan,1778028081.0037355,644b2a93413b43dc8108c5deb9f9b8cc2b06f317ffb22b46792160ca1e0e24db
3990,2.850883768989582e-16,nan,0.0,nan,1778028081.004772,58a6e63cd34761bf4670ce216c26d7cb18e2857aed898969d9711e0f77147485
4000,5.437652314109912e-16,nan,0.0,nan,1778028081.0058017,666d1ac234cd623f3429b4f52590881fda70b10cf93b9ac2973d6e73ed6cc71b
4010,3.6222138744412695e-16,nan,0.0,nan,1778028081.006743,41b0f51c8d0a7d9fc43492fbcb77ec0acf7ef30409c953d45d37e55ed89f9d1d
4020,3.775811559013219e-16,nan,0.0,nan,1778028081.0077426,90236799409b371515d5e9dbc2adeb45ca2ba5605dca7ef5a6b39d403d4cb8ad
4030,4.419154970095625e-16,nan,0.0,nan,1778028081.0083036,95a5a88a2031f2f4ce309656505aad86f2f00c697e20d94c1579e03d080461b4
4040,3.1062757420892454e-16,nan,0.0,nan,1778028081.0083036,c0eb4f9b6b7e0d2e3ba6e27232c48ca813205f71958508feb15cb0b5b0f81eff
4050,3.7681553697097286e-16,nan,0.0,nan,1778028081.0093133,8bc22f3d20489f11710be9da8c8192961a3e034abcbd6405add7358bb726d1d0
4060,9.23917544645395e-16,nan,0.0,nan,1778028081.0103178,1635f50111fe960247a520b3d832d8806dd84dbb3c6784747cf30e1a59d57fa2
4070,3.0468037488834604e-16,nan,0.0,nan,1778028081.0123105,af01678a861011c68af032f698f073df68d02c49f864dc4a1a71a586277638d2
4080,1.5265799943862904e-16,nan,0.0,nan,1778028081.013317,53b246d2ef17e2bff012d902e0f0055b41afd0abb67b632b5cb63b607e0f6603
4090,4.426231443960277e-16,nan,0.0,nan,1778028081.0143173,ebbbcfccd38ce32b9ca6729d927513dcb271272b53647033d168ee4e24aa1da1
4100,5.282688133599124e-16,nan,0.0,nan,1778028081.0153105,693f1ec32237cd84800e6163792fcf426ca0db1f1d38aed8134c7ccd1f7b7d08
4110,6.748949862689641e-16,nan,0.0,nan,1778028081.0163174,37681dd9f0118cace9b6ce3094934abc9a4f5c9974f210bdcfc29497ba6fd5d8
4120,8.97990508134734e-16,nan,0.0,nan,1778028081.0173106,38650ddec544a54dce96b6f941ba354df3292ffb9fcee14d7e63ab4911e3fae0
4130,3.1440239617876493e-16,nan,0.0,nan,1778028081.0173106,5e6ad80000afbde9164de42182dfee6d559b2224ebdc2ff1eb5df54239f8d355
4140,2.5524229710986925e-16,nan,0.0,nan,1778028081.0183094,3d49f52fcc12bcabbe41994ed92a4183b98cb4b0aebcf9cc2206f2f84298298a
4150,4.67333573396573e-16,nan,0.0,nan,1778028081.0193188,5ff00d4e098b47dc1f03c93ca399e0a0b74f0695ca79378887deafc3405739b4
4160,3.8615436253412536e-16,nan,0.0,nan,1778028081.0203137,af4189aac469d42baf8e772670ea847292d7b0bc7efd540b595ffcbc4fbbb075
4170,9.919709674661863e-16,nan,0.0,nan,1778028081.0210001,17cbdcbae6c49ea22bec969b23efe057ddf5beba09d20fa5ed386de69cf9af3f
4180,3.2701538948372064e-16,nan,0.0,nan,1778028081.0220125,c640b0dd2a8a5a489d2da67a10fdbb5b9767a62e2f0e7667a83209cbaaf28a54
4190,3.464617435610322e-16,nan,0.0,nan,1778028081.0235853,49624f424449623898104f7ff0e7593aef73303f8e661c8696f8c661739de39e
4200,4.757603632732463e-16,nan,0.0,nan,1778028081.0251787,2f7d5b1cad5166d753413e978783fbc463b2d6e1a857766f6c0dfee1d25d8346
4210,9.03576326148857e-16,nan,0.0,nan,1778028081.0251787,822bc509e55cd65ca2b03eaaee83b92272dfc862cbf0fb7db9f1e134406b20b9
4220,9.061038121449217e-16,nan,0.0,nan,1778028081.0267258,bfcc6ab7a881a8b2ee241bdf72f0f991be8f94b6b6b84eb74a24f845ae6538eb
4230,4.959741042074133e-16,nan,0.0,nan,1778028081.0267258,e255dbebef7d42618fa56ff3eab1e1c06707db68920857fdeace874d6c87d150
4240,5.211107832629248e-16,nan,0.0,nan,1778028081.0283597,6af62f1559fad6108192c53f230683c169fefc960a19f91aa8e13a7e6b14e819
4250,8.406408673312394e-16,nan,0.0,nan,1778028081.0299125,07f70c50a5b3c25b00e23130bc23680cb56ed7eb9e018c7d1b8c7f54d18bb366
4260,4.375356951077776e-16,nan,0.0,nan,1778028081.0309284,552eec698a737736645bc25f5c094bf4099c00764b980eb94f87aab4e75b527b
4270,8.989550859887808e-16,nan,0.0,nan,1778028081.0319273,7323b761d099972240e5564358b693f9fb0234967d2daaf29a328ec92399f637
4280,4.867624317614901e-16,nan,0.0,nan,1778028081.0329401,515c006267c65375ba38ae75940c5011aa1cc4c47b69103adbe7d38599b17bf7
4290,6.058768443995776e-16,nan,0.0,nan,1778028081.0329401,611defdd797f803eb2196f2d1fc3d5e1843579611f148a6af7b4ad81f8695f16
4300,2.3470425211905736e-16,nan,0.0,nan,1778028081.033941,09eae6037412a38c593556817b9e3d2f87a275c9050c700c9dfb11a75c72dd54
4310,8.90154938936748e-16,nan,0.0,nan,1778028081.0349398,d46e5e29e69c42b2800a11dc738a325fe239e7a21877fe51c7636b976302f10b
4320,5.52198386239442e-16,nan,0.0,nan,1778028081.0369403,74865966aaea14262ec5dbf963b61a5067afdd87b25a0a0f724fdb6c53ef7787
4330,8.454081793754834e-16,nan,0.0,nan,1778028081.03794,a27dfa70f40f60f70ada6c37d350ae3cd526f31f654e132e882304ec29ca686f
4340,5.831974447653091e-16,nan,0.0,nan,1778028081.0389566,942956354bdb9aba3a784f1afefb75e72c4d91afc868939c48cea2c41a0a5070
4350,3.413537834289895e-16,nan,0.0,nan,1778028081.0389566,4b10608a18e1b044102f5c545f6dc52342d5ebc66195787d2459dc0a6bf9fbe6
4360,5.810471242486587e-16,nan,0.0,nan,1778028081.0389566,8418299975463ba72e8620e14b714d092661ebab7b026fa3073eb4ea0eab1796
4370,5.977537216390317e-16,nan,0.0,nan,1778028081.0399446,7b54999523ff65a9bb6ca7734102398cfdcc94138f1b27c77f18c6aaad01502f
4380,2.806611450978446e-16,nan,0.0,nan,1778028081.0409398,aee977b322472f7d96ccdd0332ed59c80640e29256e3efa6fc777a992599313f
4390,4.091630760354216e-16,nan,0.0,nan,1778028081.0409398,e42df42fac260a0332276731310f7fce58a6f86e200494cf92ac26765e04fb58
4400,3.7451011243900564e-16,nan,0.0,nan,1778028081.0419333,06d3a3aad78e68ec862c832f70c92919085a63404352b47d342d7fad7aea20c8
4410,3.9722027727908357e-16,nan,0.0,nan,1778028081.0429406,a1d08e2e18f7e360a5be829b5c3e7ff11c55f1bf4369a8465403c72fbd7a2fca
4420,9.700816127606417e-16,nan,0.0,nan,1778028081.043941,935f3df41aee75deb801418685a31df256d8a96220e938eaffecd8b4bb1514de
4430,3.729621620272063e-16,nan,0.0,nan,1778028081.043941,5c98b06d10f10569123c28ee33f6a7bafa869ac1aff09ac86eb5f0d4def589c3
4440,5.240601815674128e-16,nan,0.0,nan,1778028081.0449357,60d152cd8e2c094e7d2eed830a28fab546efe9c5289fc0bd1c01d1c22e054a4c
4450,7.201765534530849e-16,nan,0.0,nan,1778028081.0459352,04f4340f010f678e039896b1cb52076a56d69004d04529ebbb48b939b8bd1c60
4460,3.391553377384881e-16,nan,0.0,nan,1778028081.0459352,2ae2635a2385ef0eee7509d4e97fb42d9e35dc8bd3cb7d58448de6f25b7b2cd3
4470,1.0672596910748736e-15,nan,0.0,nan,1778028081.047447,09aadec94092ee88e9b410df7798b894779dcfe50463825831083426d12cf442
4480,4.3333413215361613e-16,nan,0.0,nan,1778028081.047447,67a7beb59e17f9860ee767134c4e8b69b01bb6390c93f96508183cc44b903370
4490,2.359230755268779e-16,nan,0.0,nan,1778028081.0484576,7fbda50a84aedd7ec4838c7dd9d22a3c3a48d0ee9b84974e10d20455f9f82791
4500,1.2829276368901908e-15,nan,0.0,nan,1778028081.0494664,a848c8c0963cacdbe4d27df0951ecd2644287626cea70d45cb1beebc9cb3af8e
4510,7.122431404275652e-16,nan,0.0,nan,1778028081.050469,832ec33a68650bbd9f0cb3b3d4b4fb8e1ac79b3a3d72aaa83142cd190f8aba5b
4520,3.118661364545419e-16,nan,0.0,nan,1778028081.051466,0454712d139b21fcf08a172cedf677a8ca4ef84be9c9ab80f1585f5a28852506
4530,2.391717818485495e-16,nan,0.0,nan,1778028081.0524645,5b318c2503fe46a160785ec5823605ecb396156fbc2d6503d8d47e9bcca40111
4540,4.712329195275577e-16,nan,0.0,nan,1778028081.0524645,81da656cab7d61c7bb1b8f079c5d3383ecc1ee45bf6df4e5d411d0efc3c390ea
4550,4.046103106497173e-16,nan,0.0,nan,1778028081.0534644,13da48a90f0e387f1dad3c3170e22c243e65f65966c583c244e168f5f859089d
4560,1.846356090264271e-16,nan,0.0,nan,1778028081.0544696,ce94488006191c09cfddd990a8025577c8a5d2c9e30133b2e2cb7fd010cb9b36
4570,4.2841703217504577e-16,nan,0.0,nan,1778028081.0544696,ee55dc21b816b1c88c3224cb8b78a2e482f868b5f24d262b1e7260d6ace9f190
4580,8.745524681947889e-16,nan,0.0,nan,1778028081.0554655,4c1d869cdcbbd675175cfd99ab70ec8dfa4d7691f8f65465bebf7f48f0efc6b8
4590,9.972723146115739e-16,nan,0.0,nan,1778028081.05647,188194acecd8a8eaabca9aa650a580d30cb86a528b9f4700153e76e041837ff2
4600,5.082476366495893e-16,nan,0.0,nan,1778028081.0574648,1e2995fc8a4a78803cfb15466a50347fa23b59273aee0ec4a49be374cc3f229f
4610,7.585007936724713e-16,nan,0.0,nan,1778028081.0594652,a3caaf1c2cde800297c87279be4aa22f227a6f01342741676e0cbf8e8fdc256d
4620,3.0821614065938034e-16,nan,0.0,nan,1778028081.0604644,5ee5b53911b463e3be7dc924fcc31de53879ae3d56ea599628b6061d3f2280bc
4630,3.39084770756692e-16,nan,0.0,nan,1778028081.0614698,949b09286477cbfcd309b3d2a14eaad011fa729931db7de361310cbdac07cf75
4640,4.947582316660891e-16,nan,0.0,nan,1778028081.062465,2781a419d4d7f43794aed5c8faf42c2e2a77b7451ba4421bc20ee92b1e26db00
4650,3.308186424802923e-16,nan,0.0,nan,1778028081.062465,f096ce7db5f41df001adff2346d0e93319e1e9912ff4b0f933e07574aeef0617
4660,8.204657197346261e-16,nan,0.0,nan,1778028081.064501,dc1ae6e9472bc506d0aa6c4596073d36cad5db78bb6f339c517f4980f0d8e05e
4670,9.80058177813419e-16,nan,0.0,nan,1778028081.0655167,8e58caef8bdd8a4b1f13c2ad463be1b32c9992dcd7587681174a2882717e046a
4680,7.590085353758278e-16,nan,0.0,nan,1778028081.0665174,7a321763e4971f7e544f8dc44fec7af3cc75dce61f02f96c30d974fece002edd
4690,5.174499761815129e-16,nan,0.0,nan,1778028081.067516,48f520351a5028b726416f7a5089a84d09ff6ed4485da2667bac4d15b61137b9
4700,6.294155823191677e-16,nan,0.0,nan,1778028081.0685165,c493f1bfa75c19d9c6bebb45c53e1eb15c334776a9b09dc8691fb82680c62479
4710,7.295086298625832e-16,nan,0.0,nan,1778028081.069517,80dd0dd0ec7c9eae84c6f919300b688f3c636fa8ecbae441b7b4660ae8a726d1
4720,2.979693026617635e-16,nan,0.0,nan,1778028081.0702677,111234bada06f31c239827bfda2225ad21926c62231a1d6eb06328503e73bf8f
4730,4.022765569691698e-16,nan,0.0,nan,1778028081.0712826,6e002fd98107f38b01492f777c78861602a0e96843faf7b90e98ade10d3aeace
4740,1.3827011016719575e-16,nan,0.0,nan,1778028081.0712826,5b629399c310c297494a1ee6c78decbec6266145bc3b16562543a86e210a9c3d
4750,4.0775265929290067e-16,nan,0.0,nan,1778028081.0722845,497a5ecd537c206d27eb0d6abdc4acf5ba0a0e952a0033e24b8a1d3798227eb2
4760,4.357753396539117e-16,nan,0.0,nan,1778028081.073279,2c6f9646a15c80338e53d334f88770795804380eb793bd2badffe9341c6fb072
4770,8.878538002930237e-16,nan,0.0,nan,1778028081.0742826,043cee31c8281ae27742a3c39ddf66dc6d08e0fd5a5f59c26a8ed32bd0f7f88c
4780,2.850883768989582e-16,nan,0.0,nan,1778028081.0742826,9fd35da48dc82bf267fc2069dff388aeb9702176c4cbf9de9c891a4348cd62ff
4790,5.437652314109912e-16,nan,0.0,nan,1778028081.075279,1fe0366f14c6580f673db0c2a9634a076bd55488a43445554505fca9057ad213
4800,3.6222138744412695e-16,nan,0.0,nan,1778028081.0762835,0d4d1511efca3d44754deee7c47d6b3f8fd3fb08eabeae0866ae477369d40f1e
4810,3.775811559013219e-16,nan,0.0,nan,1778028081.0762835,c0f0ec9512960b8b27ee8ff7d5168c5fc3304ef03fe152b839df584a5c564652
4820,4.419154970095625e-16,nan,0.0,nan,1778028081.0772786,e1696b159300ff44b63cc48541ce452dc697731eb195f244be3017a2a837e084
4830,3.1062757420892454e-16,nan,0.0,nan,1778028081.0782793,a8d6b9df0ff9c5f0edb31f66b9bf72f5ae439f614823d35716ad8edd629918c5
4840,3.7681553697097286e-16,nan,0.0,nan,1778028081.0792828,ebe31f91e140d654992a43d61bc7f897ebc65644f463795566d5ca77b3e53e91
4850,9.23917544645395e-16,nan,0.0,nan,1778028081.0802794,8cd9601a9e7b0eaa317430ebc968439d847a60434a533ae97a74df82c7ac13d5
4860,3.0468037488834604e-16,nan,0.0,nan,1778028081.0812836,3dfd7073fec78149380e2bac953d09bbbc9609cdb873d2f9b082cda35a51747a
4870,1.5265799943862904e-16,nan,0.0,nan,1778028081.0822794,c816d99107e7028354f4397d71c0ae4de5a9ba179a2e5946822d5bd2982d051b
4880,4.426231443960277e-16,nan,0.0,nan,1778028081.0832837,84fba2ae43f54cbae35f6bca5bb940a2e1c1e5339fa191407ed9c672e0b50172
4890,5.282688133599124e-16,nan,0.0,nan,1778028081.084283,65546cdac71c49bed3fe3c9fbd15fa7893442670c68f902caed93a1aa41becbe
4900,6.748949862689641e-16,nan,0.0,nan,1778028081.085279,d94f5d722130f5dca14dfa75d26e81cfd2ec3ed09dbe16f1560fafb230dc0573
4910,8.97990508134734e-16,nan,0.0,nan,1778028081.085279,9d739bceb01d2cedb3aeb4ac5c178442d66b608bc7f864946f335c55f1079348
4920,3.1440239617876493e-16,nan,0.0,nan,1778028081.0862832,c09bd51fde93599b50282237e3033ce9076069409f87863b568fcb6621f26eba
4930,2.5524229710986925e-16,nan,0.0,nan,1778028081.0872831,42f8330c22ec7a9f2694f4e76d161f8f8f9f8f3e5c242d7a1fcb9407a20dae7d
4940,4.67333573396573e-16,nan,0.0,nan,1778028081.088284,1d4da8f931683276221e41cd51acae21317d032b869fb8bd792ba89767956f2c
4950,3.8615436253412536e-16,nan,0.0,nan,1778028081.0892832,44908f797255e723584541812715bca767be3ed89425dd2d7a8885295f80c8ed
4960,9.919709674661863e-16,nan,0.0,nan,1778028081.090283,b175f24c5d71514bfb48ba5896eada505aab5eb194dcd3fe59131ab1bf9f61bf
4970,3.2701538948372064e-16,nan,0.0,nan,1778028081.0912838,d77859d58b53343808f567fd1d0676a10844682a70c59d92f951ac10fe3f3baf
4980,3.464617435610322e-16,nan,0.0,nan,1778028081.092284,fa471c624701ac72d9833b301aaac5207553d71641de81a2295c4968073c2b50
4990,4.757603632732463e-16,nan,0.0,nan,1778028081.092284,7a284fdb0802943a10793eb0af77af42572efd4c55385beaea537a904873e9b7
5000,9.03576326148857e-16,nan,0.0,nan,1778028081.0932837,bbc3d8546d237fb95e1d110cbc12662945189cf6b9698c9717d88147961d5c08
